{
  "_id": "",
  "localId": "9000",
  "isDeleted": false,
  "lastUpdatedAt": 1564458400,
  "bankAccountDetails": [
    {
      "localId": "5667",
      "_id": "5d427bf137093203bdad4836",
      "isDeleted": false,
      "lastUpdatedAt": 1223456789,
      "bankName": "Nepal Investment Bank",
      "accountNumber": "1234567acc",
      "approxValue": 1000000
    }
  ],
  "cryptoDetails": [
    {
      "_id": "",
      "localId": "999",
      "isDeleted": false,
      "lastUpdatedAt": 1223456789,
      "coinName": "Bit Coin",
      "exchangeName": "Anita Ra",
      "ownedCoin": 100,
      "approxValue":150
    }
  ],
  "realPropertyDetails": [
    {
      "_id": "",
      "localId": "4568",
      "isDeleted": false,
      "lastUpdatedAt": 1223456789,
      "address": "Buddhanilkantha, KTM",
      "approxValue": 2500000
    }
  ],
  "sharesDetails": [
    {
      "_id": "",
      "localId": "456",
      "isDeleted": false,
      "lastUpdatedAt": 1223456789,
      "companyName": "Firefly Services Ptv Ltd",
      "numberOfShare":50,
      "asxCode": "QWd",
      "approxValue": 100000
    }
  ],
  "cashDetails": [
    {
      "_id": "",
      "localId": "9099",
      "isDeleted": false,
      "lastUpdatedAt": 1223456789,
      "approxStoredLocation": "Kumaripati, Lalitpur",
      "approxValue": 5000000
    }
  ],
  "vehiclesDetails": [
    {
      "_id": "",
      "localId": "344",
      "isDeleted": false,
      "lastUpdatedAt": 1223456789,
      "vehicleType": "Car",
      "description": "Black",
      "makeModel": "Ford",
      "registrationNumber": "345awefgqq112",
  		"joinOwnerShip": false,
          "joinOwnerShipDetails": [
          ],
      "approxValue": 6500000
    }
  ],
  "debtDetails": [
    {
      "_id": "",
      "localId": "15523",
      "isDeleted": false,
      "lastUpdatedAt": 1223456789,
      "personName": "Pratik Shrestha",
      "approxValue": 340000
    }
  ],
  "lifeInsuranceDetails": [
    {
      "_id": "",
      "localId": "353",
      "isDeleted": false,
      "lastUpdatedAt": 1223456789,
      "isNominated": false,
      "name": "Sunita",
      "approxValue": 0
    }
  ],
  "superannuationDetails": [
    {
      "_id": "",
      "localId": "145323",
      "isDeleted": false,
      "lastUpdatedAt": 1223456789,
      "superFundName": "Four sisters",
      "isSuperNomination": false,
 	 "superNominationDetails": [
          ],
      "nominationBinding": "2019-07-01T14:44:10.000Z",
      "approxValue": 0
    }
  ],
  "otherDetails": [
    {
      "_id": "",
      "localId": "4636",
      "isDeleted": false,
      "lastUpdatedAt": 1223456789,
      "title": "Flat",
      "description": "Beautiful flat with terrace view.",
      "approxValue": 500000
    }
  ]
}

