[
  {
    "localId": "123",
    "_id": "",
    "isDeleted": false,
    "lastUpdatedAt": "1234757",
    "beneficiaryType": "percentage",
    "selectedBeneficiaryType": "family",
   "family": {"_id":"5d41269f9bdfe675adce9777"},
    "age": 8,
    "givenDetail": [
      {
        "family": {"_id":"5d3fcedde497235031f411f5"},
        "localId": "1235",
        "percentage": "56"
      }
    ],
    "givenTo": "children",
    "charity": {},
    "assetType": "",
    "asset": {},
    "percentage": 10
  }
]