{
  "localId": "4566",
  "isDeleted": false,
  "lastUpdatedAt": 1000000,
  "testatorDetail": {
    "localId": "123",
    "isDeleted": false,
    "firstName": "Sunita",
    "middleName": "",
    "lastName": "Rai"
  },
  "firstWitnessDetail": {
    "localId": "123",
    "isDeleted": false,
    "firstName": "Anita",
    "lastName": "Rai",
    "middleName": "",
    "phone": "9876454212",
    "email": "anita@gmail.com",
    "address": "Narayanthan"
  },
  "secondWitnessDetail": {
    "localId": "123",
    "isDeleted": false,
    "firstName": "Himsikha",
    "lastName": "Rai",
    "middleName": "",
    "phone": "9876454212",
    "email": "himpi@gmail.com",
    "address": "Narayanthan"
  }
}